{
  "full_time": 664.427209854126,
  "epoch_train_time": 1.1239470529556275,
  "epoch_test_time_one_step": 0.0040345236982279155,
  "last_loss": 0.028957877466653254
}