{
  "full_time": 642.1303808689117,
  "epoch_train_time": 1.025546779437941,
  "epoch_test_time_one_step": 0.004006137069067979,
  "last_loss": 0.00988183143224729
}