{
  "full_time": 554.0136892795563,
  "epoch_train_time": 1.1067294166201638,
  "epoch_test_time_one_step": 0.0040076921687140854,
  "last_loss": 0.009629970375934372
}