{
  "full_time": 842.199232339859,
  "epoch_train_time": 0.18520561286381312,
  "epoch_test_time_one_step": 0.006589113107970623,
  "last_loss": 0.007409684891488565
}