{
  "full_time": 1983.461147069931,
  "epoch_train_time": 0.18723675997360892,
  "epoch_test_time_one_step": 0.014239151048560572,
  "last_loss": 0.009233508313550277
}