{
  "full_time": 1025.7320022583008,
  "epoch_train_time": 0.1882124003909883,
  "epoch_test_time_one_step": 0.008037535372121558,
  "last_loss": 0.009852891911732707
}