{
  "full_time": 1044.165801525116,
  "epoch_train_time": 0.18610845610152843,
  "epoch_test_time_one_step": 0.007992046405045304,
  "last_loss": 0.00737366925905201
}