{
  "full_time": 862.758528470993,
  "epoch_train_time": 0.18912635293117788,
  "epoch_test_time_one_step": 0.006591901314272828,
  "last_loss": 0.008792100075453996
}