{
  "full_time": 788.951815366745,
  "epoch_train_time": 0.1876819072625576,
  "epoch_test_time_one_step": 0.006647167292187478,
  "last_loss": 0.009948998304974773
}