{
  "full_time": 1616.1894807815552,
  "epoch_train_time": 0.19457674026489258,
  "epoch_test_time_one_step": 0.014423001856032569,
  "last_loss": 0.009208436083534489
}