{
  "full_time": 1955.9851381778717,
  "epoch_train_time": 0.1937898241955301,
  "epoch_test_time_one_step": 0.014038695686698448,
  "last_loss": 0.009317711525735385
}