{
  "full_time": 723.1821784973145,
  "epoch_train_time": 0.19609229432211983,
  "epoch_test_time_one_step": 0.006597426516675413,
  "last_loss": 0.009628787930325969
}