{
  "full_time": 1563.2932150363922,
  "epoch_train_time": 0.18520109521018135,
  "epoch_test_time_one_step": 0.0143410718394881,
  "last_loss": 0.009806130919605494
}