{
  "full_time": 1930.3805768489838,
  "epoch_train_time": 0.19313061502244738,
  "epoch_test_time_one_step": 0.014163770642270914,
  "last_loss": 0.009821330395309216
}