{
  "full_time": 744.2132043838501,
  "epoch_train_time": 0.17932444649773674,
  "epoch_test_time_one_step": 0.006611513528331862,
  "last_loss": 0.008433022581891197
}