{
  "full_time": 876.1378474235535,
  "epoch_train_time": 0.18750842592932962,
  "epoch_test_time_one_step": 0.006542047887442969,
  "last_loss": 0.008610452525317669
}