{
  "full_time": 1862.9499473571777,
  "epoch_train_time": 0.18715104945870334,
  "epoch_test_time_one_step": 0.014307343351555467,
  "last_loss": 0.008494598057080546
}