{
  "full_time": 885.7651658058167,
  "epoch_train_time": 0.19077875879075792,
  "epoch_test_time_one_step": 0.008097218992698252,
  "last_loss": 0.008831610240082702
}