{
  "full_time": 1708.5586349964142,
  "epoch_train_time": 0.18554190993309022,
  "epoch_test_time_one_step": 0.01410539933698094,
  "last_loss": 0.009462947967340764
}