{
  "full_time": 646.8428137302399,
  "epoch_train_time": 1.034651211329869,
  "epoch_test_time_one_step": 0.004034911924946969,
  "last_loss": 0.008497709383094765
}