{
  "full_time": 1637.5829577445984,
  "epoch_train_time": 0.17559201900775617,
  "epoch_test_time_one_step": 0.013868227829032697,
  "last_loss": 0.007623007804479288
}