{
  "full_time": 774.7112033367157,
  "epoch_train_time": 0.18397068366026267,
  "epoch_test_time_one_step": 0.006527293309846255,
  "last_loss": 0.008084226642613825
}