{
  "full_time": 887.5863492488861,
  "epoch_train_time": 0.18136637919657939,
  "epoch_test_time_one_step": 0.007896060970532602,
  "last_loss": 0.00893937219845374
}