{
  "full_time": 663.5864453315735,
  "epoch_train_time": 1.1431099605560302,
  "epoch_test_time_one_step": 0.004022525167386133,
  "last_loss": 0.07102100202377806
}