{
  "full_time": 1643.3254525661469,
  "epoch_train_time": 0.18966785230134664,
  "epoch_test_time_one_step": 0.014280282623888342,
  "last_loss": 0.00877091198977407
}