{
  "full_time": 846.6766979694366,
  "epoch_train_time": 0.18812735307784306,
  "epoch_test_time_one_step": 0.006623677048347653,
  "last_loss": 0.009249323008066796
}