{
  "full_time": 913.3762426376343,
  "epoch_train_time": 0.19313265826251055,
  "epoch_test_time_one_step": 0.008123398470454362,
  "last_loss": 0.008444185237116788
}