{
  "full_time": 919.5961682796478,
  "epoch_train_time": 0.18271990198838084,
  "epoch_test_time_one_step": 0.00796568502126652,
  "last_loss": 0.009943700036155466
}