{
  "full_time": 651.6674814224243,
  "epoch_train_time": 1.0163975715637208,
  "epoch_test_time_one_step": 0.003985555011439284,
  "last_loss": 0.01876089839345735
}