{
  "full_time": 885.6429145336151,
  "epoch_train_time": 0.18202687634362114,
  "epoch_test_time_one_step": 0.008099012518096018,
  "last_loss": 0.009332986367452476
}