{
  "full_time": 708.3231873512268,
  "epoch_train_time": 0.18138387543814524,
  "epoch_test_time_one_step": 0.00665192787072806,
  "last_loss": 0.009596539821682706
}