{
  "full_time": 476.37217020988464,
  "epoch_train_time": 1.0612966815630596,
  "epoch_test_time_one_step": 0.004036734291745832,
  "last_loss": 0.00975241332521869
}