{
  "full_time": 660.7079498767853,
  "epoch_train_time": 1.0564133310317994,
  "epoch_test_time_one_step": 0.004032156855708133,
  "last_loss": 0.03825465427275668
}