{
  "full_time": 1005.1099486351013,
  "epoch_train_time": 0.1932720323888267,
  "epoch_test_time_one_step": 0.008066717951408566,
  "last_loss": 0.009837624527751766
}