{
  "full_time": 741.3599631786346,
  "epoch_train_time": 0.1849769386085304,
  "epoch_test_time_one_step": 0.006584193261861961,
  "last_loss": 0.009389548729497777
}