{
  "full_time": 1007.1410746574402,
  "epoch_train_time": 0.19005295706958306,
  "epoch_test_time_one_step": 0.008084211739859997,
  "last_loss": 0.007271755395619118
}