{
  "full_time": 558.3440425395966,
  "epoch_train_time": 1.1712065935134888,
  "epoch_test_time_one_step": 0.004020627934644829,
  "last_loss": 0.008654693009979699
}