{
  "full_time": 521.4373891353607,
  "epoch_train_time": 1.050760418176651,
  "epoch_test_time_one_step": 0.003975022687247737,
  "last_loss": 0.008946113936279131
}