{
  "full_time": 1719.6145105361938,
  "epoch_train_time": 0.18598809838294983,
  "epoch_test_time_one_step": 0.014196991398559873,
  "last_loss": 0.00931827413201656
}