{
  "full_time": 947.7100627422333,
  "epoch_train_time": 0.18413812686235476,
  "epoch_test_time_one_step": 0.007998566707188202,
  "last_loss": 0.00761048234594257
}